action_name, timestamp
LOGIN, 17:23:08.389996
LOGIN, 18:51:14.117986800
LOAD_USER_DATA, 18:51:17.245525100
LOGIN, 19:46:06.818061900
REGISTER_NEW_USER, 19:46:11.454055400
LOGIN, 20:04:34.265896600
LOAD_USER_DATA, 20:04:38.195565900
UPDATE_WPM_LEADERBOARD, 20:04:38.202567200
UPDATE_SCORE_LEADERBOARD, 20:04:38.219796700
CHOOSE_TEXT_CATEGORY, 20:04:49.866190200
START_TYPING_TEST, 20:04:51.312075600
CALCULATE_WPM, 20:05:03.847685100
CHECK_ACHIEVEMENTS, 20:05:04.012896200
UPDATE_WPM_LEADERBOARD, 20:05:04.018086
VIEW_WPM_LEADERBOARD, 20:05:21.885540900
VIEW_NOTIFICATIONS, 20:05:42.983790700
VIEW_WPM_LEADERBOARD, 20:05:44.486606900
LOGOUT, 20:05:51.141427500
LOGIN, 20:05:58.962231100
LOAD_USER_DATA, 20:06:03.150193900
UPDATE_WPM_LEADERBOARD, 20:06:03.156193200
UPDATE_SCORE_LEADERBOARD, 20:06:03.220845700
START_RANDOM_CHALLENGE, 20:06:10.953280700
VERIFY_CHALLENGE_CRITERIA, 20:06:22.717200200
UPDATE_SCORE_LEADERBOARD, 20:06:22.792196200
CHOOSE_TEXT_CATEGORY, 20:06:32.804753
START_TYPING_TEST, 20:06:33.740737
CALCULATE_WPM, 20:06:48.077255700
CHECK_ACHIEVEMENTS, 20:06:48.200449100
SEND_NOTIFICATION, 20:06:48.269412600
SEND_NOTIFICATION, 20:06:48.372799200
SEND_NOTIFICATION, 20:06:48.585495400
SEND_NOTIFICATION, 20:06:48.650265200
SEND_NOTIFICATION, 20:06:48.757496
UPDATE_WPM_LEADERBOARD, 20:06:48.762496600
VIEW_SCORE_LEADERBOARD, 20:07:15.132115600
VIEW_COMPLETED_CHALLENGES, 20:07:36.639170
VIEW_ACHIEVEMENTS, 20:07:43.004270300
VIEW_NOTIFICATIONS, 20:07:49.845608800
DELETE_NOTIFICATION, 20:07:54.138249300
DELETE_NOTIFICATION, 20:07:59.963454400
LOGOUT, 20:08:04.749899900
LOGIN, 20:10:02.430424600
LOAD_USER_DATA, 20:10:06.209452600
UPDATE_WPM_LEADERBOARD, 20:10:06.216231700
UPDATE_SCORE_LEADERBOARD, 20:10:06.303374
CHOOSE_TEXT_CATEGORY, 20:10:08.882756100
START_TYPING_TEST, 20:10:10.046436100
CALCULATE_WPM, 20:10:23.100453800
CHECK_ACHIEVEMENTS, 20:10:23.211527500
UPDATE_WPM_LEADERBOARD, 20:10:23.217853400
CHOOSE_TEXT_CATEGORY, 20:10:30.401574
VIEW_WPM_LEADERBOARD, 20:10:32.289392800
VIEW_SCORE_LEADERBOARD, 20:10:35.405623600
VIEW_COMPLETED_CHALLENGES, 20:10:36.767469700
VIEW_ACHIEVEMENTS, 20:10:37.613621900
VIEW_NOTIFICATIONS, 20:10:38.150598100
VIEW_ACHIEVEMENTS, 20:10:38.634008700
VIEW_COMPLETED_CHALLENGES, 20:10:39.293513800
LOGOUT, 20:10:42.030398700
LOGIN, 20:10:47.345585
REGISTER_NEW_USER, 20:10:50.853939300
UPDATE_WPM_LEADERBOARD, 20:10:50.859729
UPDATE_SCORE_LEADERBOARD, 20:10:50.882267600
CHOOSE_TEXT_CATEGORY, 20:11:01.632624700
START_TYPING_TEST, 20:11:07.464414
CALCULATE_WPM, 20:12:12.282765600
CHECK_ACHIEVEMENTS, 20:12:12.650692100
UPDATE_WPM_LEADERBOARD, 20:12:12.657370600
LOGIN, 11:49:49.804484800
LOAD_USER_DATA, 11:49:52.445807700
UPDATE_WPM_LEADERBOARD, 11:49:52.450319400
UPDATE_SCORE_LEADERBOARD, 11:49:52.465622
VIEW_COMPLETED_CHALLENGES, 11:49:55.481479900
VIEW_ACHIEVEMENTS, 11:50:10.957321500
VIEW_NOTIFICATIONS, 11:50:13.073172700
START_RANDOM_CHALLENGE, 11:50:18.105176500
VERIFY_CHALLENGE_CRITERIA, 11:50:34.788364500
UPDATE_SCORE_LEADERBOARD, 11:50:34.838541900
VIEW_SCORE_LEADERBOARD, 11:50:46.758548100
VIEW_WPM_LEADERBOARD, 11:53:30.704017800
LOGIN, 00:30:36.810981100
LOAD_USER_DATA, 00:30:39.353198100
UPDATE_WPM_LEADERBOARD, 00:30:39.358199200
UPDATE_SCORE_LEADERBOARD, 00:30:39.370199700
VIEW_COMPLETED_CHALLENGES, 00:30:41.724310600
LOGIN, 00:31:01.068371400
LOAD_USER_DATA, 00:31:03.206862
UPDATE_WPM_LEADERBOARD, 00:31:03.210862900
UPDATE_SCORE_LEADERBOARD, 00:31:03.229326100
VIEW_COMPLETED_CHALLENGES, 00:31:04.813321100
LOGIN, 00:33:09.436419300
LOAD_USER_DATA, 00:33:12.060004400
UPDATE_WPM_LEADERBOARD, 00:33:12.065514900
UPDATE_SCORE_LEADERBOARD, 00:33:12.090508300
VIEW_COMPLETED_CHALLENGES, 00:33:13.794355900
LOGIN, 00:42:04.700336700
LOAD_USER_DATA, 00:42:06.791156400
UPDATE_WPM_LEADERBOARD, 00:42:06.796154900
UPDATE_SCORE_LEADERBOARD, 00:42:06.816988600
VIEW_ACHIEVEMENTS, 00:42:08.978631400
LOGIN, 16:55:07.960008800
LOAD_USER_DATA, 16:55:10.161964
UPDATE_WPM_LEADERBOARD, 16:55:10.166465600
UPDATE_SCORE_LEADERBOARD, 16:55:10.177882900
VIEW_NOTIFICATIONS, 16:55:13.195438300
VIEW_WPM_LEADERBOARD, 16:55:15.208377600
LOGOUT, 16:55:23.644228400
LOGIN, 16:55:27.906872400
LOAD_USER_DATA, 16:55:30.833107900
UPDATE_WPM_LEADERBOARD, 16:55:30.838103800
UPDATE_SCORE_LEADERBOARD, 16:55:30.848106600
CHOOSE_TEXT_CATEGORY, 16:55:35.729174700
START_TYPING_TEST, 16:55:36.888094500
CALCULATE_WPM, 16:55:51.012229700
CHECK_ACHIEVEMENTS, 16:55:51.386806500
UPDATE_WPM_LEADERBOARD, 16:55:51.846593300
VIEW_NOTIFICATIONS, 16:55:58.775214700
VIEW_WPM_LEADERBOARD, 16:56:01.306131600
CHOOSE_TEXT_CATEGORY, 16:57:55.548383300
START_TYPING_TEST, 16:57:56.651376
CALCULATE_WPM, 16:58:03.947252300
CHECK_ACHIEVEMENTS, 16:58:04.008401
UPDATE_WPM_LEADERBOARD, 16:58:04.149511800
VIEW_WPM_LEADERBOARD, 16:58:05.409080100
LOGOUT, 16:59:36.157436400
LOGIN, 16:59:40.431711100
LOAD_USER_DATA, 16:59:42.656579800
UPDATE_WPM_LEADERBOARD, 16:59:42.660068900
UPDATE_SCORE_LEADERBOARD, 16:59:42.677709100
VIEW_WPM_LEADERBOARD, 16:59:44.532864300
VIEW_NOTIFICATIONS, 16:59:45.550489900
VIEW_ACHIEVEMENTS, 17:00:16.142525500
VIEW_COMPLETED_CHALLENGES, 17:00:17.665681700
VIEW_WPM_LEADERBOARD, 17:00:21.169384800
CHOOSE_TEXT_CATEGORY, 17:00:25.668892700
START_TYPING_TEST, 17:00:26.659357
CALCULATE_WPM, 17:00:33.609857200
CHECK_ACHIEVEMENTS, 17:00:33.670636200
UPDATE_WPM_LEADERBOARD, 17:00:33.922198
VIEW_WPM_LEADERBOARD, 17:00:36.339421700
LOGIN, 17:07:11.074482900
LOAD_USER_DATA, 17:07:13.279365900
UPDATE_WPM_LEADERBOARD, 17:07:13.284364100
UPDATE_SCORE_LEADERBOARD, 17:07:13.296928
VIEW_NOTIFICATIONS, 17:07:15.426768100
VIEW_ACHIEVEMENTS, 17:07:16.581270600
VIEW_COMPLETED_CHALLENGES, 17:07:17.336414800
VIEW_WPM_LEADERBOARD, 17:07:19.466293
CHOOSE_TEXT_CATEGORY, 17:07:40.529157200
START_TYPING_TEST, 17:07:42.642216
CALCULATE_WPM, 17:07:50.504053
CHECK_ACHIEVEMENTS, 17:07:50.621244400
SEND_NOTIFICATION, 17:07:50.654053200
SEND_NOTIFICATION, 17:07:50.686363700
SEND_NOTIFICATION, 17:07:50.722265600
UPDATE_WPM_LEADERBOARD, 17:07:50.726265200
VIEW_WPM_LEADERBOARD, 17:07:54.930953200
VIEW_COMPLETED_CHALLENGES, 17:09:55.498994200
START_RANDOM_CHALLENGE, 17:10:00.721142900
VERIFY_CHALLENGE_CRITERIA, 17:10:11.113431700
UPDATE_SCORE_LEADERBOARD, 17:10:11.155892400
VIEW_COMPLETED_CHALLENGES, 17:10:12.978026700
START_RANDOM_CHALLENGE, 17:10:22.878923
VERIFY_CHALLENGE_CRITERIA, 17:10:30.246886100
UPDATE_SCORE_LEADERBOARD, 17:10:30.278851600
CHOOSE_TEXT_CATEGORY, 17:10:33.985663400
VIEW_SCORE_LEADERBOARD, 17:10:39.166449300
VIEW_COMPLETED_CHALLENGES, 17:10:43.868599500
VIEW_NOTIFICATIONS, 17:11:26.277971300
LOGIN, 17:42:19.915136400
LOAD_USER_DATA, 17:42:22.460555
UPDATE_WPM_LEADERBOARD, 17:42:22.464993800
UPDATE_SCORE_LEADERBOARD, 17:42:22.485052700
VIEW_ACHIEVEMENTS, 17:42:23.850081300
LOGIN, 17:52:22.965461400
LOAD_USER_DATA, 17:52:25.768375
UPDATE_WPM_LEADERBOARD, 17:52:25.774563700
UPDATE_SCORE_LEADERBOARD, 17:52:25.789664200
VIEW_NOTIFICATIONS, 17:52:28.011559200
VIEW_WPM_LEADERBOARD, 17:52:30.376238300
CHOOSE_TEXT_CATEGORY, 17:52:31.646756900
LOGIN, 18:03:20.545242800
LOAD_USER_DATA, 18:03:23.093685800
UPDATE_WPM_LEADERBOARD, 18:03:23.098686600
UPDATE_SCORE_LEADERBOARD, 18:03:23.111702300
VIEW_WPM_LEADERBOARD, 18:03:27.109666900
VIEW_SCORE_LEADERBOARD, 18:03:28.179836700
VIEW_COMPLETED_CHALLENGES, 18:03:29.062555700
VIEW_ACHIEVEMENTS, 18:03:29.698010300
VIEW_NOTIFICATIONS, 18:03:30.307106400
CHOOSE_TEXT_CATEGORY, 18:03:31.912883500
START_TYPING_TEST, 18:03:32.955558100
CALCULATE_WPM, 18:03:40.799527100
CHECK_ACHIEVEMENTS, 18:03:40.874204400
UPDATE_WPM_LEADERBOARD, 18:03:40.878203900
VIEW_WPM_LEADERBOARD, 18:03:43.447785600
CHOOSE_TEXT_CATEGORY, 18:03:53.733088200
START_TYPING_TEST, 18:03:55.266983
CHOOSE_TEXT_CATEGORY, 18:03:59.770920800
START_TYPING_TEST, 18:04:00.744439900
CALCULATE_WPM, 18:04:07.440672400
CHECK_ACHIEVEMENTS, 18:04:07.621511300
SEND_NOTIFICATION, 18:04:07.660795700
UPDATE_WPM_LEADERBOARD, 18:04:07.664802600
VIEW_WPM_LEADERBOARD, 18:04:09.738514700
LOGOUT, 18:04:15.781642100
LOGIN, 18:04:17.414144100
LOAD_USER_DATA, 18:04:19.577485700
UPDATE_WPM_LEADERBOARD, 18:04:19.582015700
UPDATE_SCORE_LEADERBOARD, 18:04:19.599322800
VIEW_WPM_LEADERBOARD, 18:04:21.093112
VIEW_NOTIFICATIONS, 18:04:24.379337
LOGIN, 12:41:54.460786
LOAD_USER_DATA, 12:41:58.797562800
UPDATE_WPM_LEADERBOARD, 12:41:58.805231200
UPDATE_SCORE_LEADERBOARD, 12:41:58.824401100
VIEW_WPM_LEADERBOARD, 12:42:02.659475600
VIEW_SCORE_LEADERBOARD, 12:42:12.007520
VIEW_COMPLETED_CHALLENGES, 12:42:16.955251500
VIEW_ACHIEVEMENTS, 12:42:20.380486400
VIEW_NOTIFICATIONS, 12:42:31.063247100
DELETE_NOTIFICATION, 12:42:36.140394800
START_RANDOM_CHALLENGE, 12:42:42.658768100
LOGIN, 01:30:01.522486
LOAD_USER_DATA, 01:30:05.829155800
UPDATE_WPM_LEADERBOARD, 01:30:05.837417900
UPDATE_SCORE_LEADERBOARD, 01:30:05.859347800
VIEW_COMPLETED_CHALLENGES, 01:34:50.979817800
LOGIN, 09:07:19.869309
LOAD_USER_DATA, 09:07:22.491628200
UPDATE_WPM_LEADERBOARD, 09:07:22.498985800
UPDATE_SCORE_LEADERBOARD, 09:07:22.510672800
CHOOSE_TEXT_CATEGORY, 09:08:04.615336900
START_TYPING_TEST, 09:08:18.456612200
CALCULATE_WPM, 09:08:41.372783700
CHECK_ACHIEVEMENTS, 09:08:41.450432800
UPDATE_WPM_LEADERBOARD, 09:08:41.454433600
VIEW_WPM_LEADERBOARD, 09:08:55.343617200
VIEW_NOTIFICATIONS, 09:09:39.731106800
DELETE_NOTIFICATION, 09:09:47.181283100
DELETE_NOTIFICATION, 09:09:48.262319300
DELETE_NOTIFICATION, 09:09:54.988685300
VIEW_ACHIEVEMENTS, 09:09:58.169903300
START_RANDOM_CHALLENGE, 09:10:50.221102700
VERIFY_CHALLENGE_CRITERIA, 09:10:57.199531800
UPDATE_SCORE_LEADERBOARD, 09:10:57.236835400
VIEW_SCORE_LEADERBOARD, 09:11:06.369402800
VIEW_WPM_LEADERBOARD, 09:11:16.247710100
VIEW_COMPLETED_CHALLENGES, 09:11:17.584619600
VIEW_ACHIEVEMENTS, 09:11:18.696501800
LOGOUT, 09:11:22.389769400
